Model Architecture,Test RMSE ($),Test MAE ($),Test R-Squared (R2)
Ridge Regression,37945.953969198184,21689.577959900013,0.08984368049582192
Random Forest,35871.623293335906,19604.652506220336,0.18663197002310272
MLP Regressor (Neural Net),40770.62711903129,23706.34443977439,-0.050702634268723124
