Model Architecture,Test RMSE ($),Test MAE ($),Test R-Squared (R2)
Ridge Regression,35251.23603361368,21286.79257095539,0.2145225224517503
Random Forest,33228.4679071953,17772.77860380795,0.3020799540471062
MLP Regressor (Neural Net),42517.650454056144,27201.26004246439,-0.14267717428442683
